{"count":1,"self":9.1006048,"total":210.12752329999998,"children":{"InitializeActuators":{"count":23,"self":0.0019976,"total":0.0019976,"children":null},"InitializeSensors":{"count":23,"self":0.0049657999999999994,"total":0.0049657999999999994,"children":null},"AgentSendState":{"count":9917,"self":0.1901037,"total":15.979293199999999,"children":{"CollectObservations":{"count":45632,"self":4.4975331999999995,"total":4.4975333,"children":null},"WriteActionMask":{"count":45632,"self":0.0438457,"total":0.0438457,"children":null},"RequestDecision":{"count":45632,"self":0.1170788,"total":11.2478105,"children":{"AgentInfo.ToProto":{"count":45632,"self":0.1500224,"total":11.1307317,"children":{"GenerateSensorData":{"count":45632,"self":10.980709599999999,"total":10.9807093,"children":null}}}}}}},"DecideAction":{"count":9917,"self":177.74449919999998,"total":177.74449289999998,"children":null},"AgentAct":{"count":9917,"self":7.0913255999999993,"total":7.2941721999999993,"children":{"AgentInfo.ToProto":{"count":721,"self":0.0030288,"total":0.2028466,"children":{"GenerateSensorData":{"count":721,"self":0.1998178,"total":0.1998178,"children":null}}}}}},"gauges":{"Sudoku.CumulativeReward":{"count":721,"max":0.993999958,"min":-1.28999984,"runningAverage":-1.00788414,"value":-1.022,"weightedAverage":-1.0437299}},"metadata":{"timer_format_version":"0.1.0","start_time_seconds":"1652375328","unity_version":"2020.3.25f1","command_line_arguments":"D:\\Unity\\2020.3.25f1\\Editor\\Unity.exe -projectpath D:\\Unity Projects\\Sudoku -useHub -hubIPC -cloudEnvironment production -licensingIpc LicenseClient-80678 -hubSessionId ec0f8100-d1a9-11ec-aa8f-6fbfd81972bc -accessToken n9k0M4Ud6e4FbGwLu3MlTWvQwXMN1FhjSgpmGVFkchM011f","communication_protocol_version":"1.5.0","com.unity.ml-agents_version":"2.2.1-exp.1","scene_name":"sudoku","end_time_seconds":"1652375538"}}